device_id,time,log_typecount,battery,firmware_version,rssi,rsrp,rsrq
1,1767330060,data_upload,144,100,1.0.0,-53,-65,-13
1,1767416460,data_upload,176,99,1.0.0,-61,-67,-9
1,1767502860,data_upload,339,99,1.0.0,-69,-85,-6
1,1767589260,data_upload,220,98,1.0.0,-59,-65,-7
1,1767675660,data_upload,146,97,1.0.0,-53,-80,-5
1,1767762060,data_upload,75,96,1.0.0,-77,-85,-7
1,1767848460,data_upload,47,96,1.0.0,-95,-108,-4
1,1767934860,data_upload,57,96,1.0.0,-56,-77,-7
1,1768021260,data_upload,96,96,1.0.0,-50,-75,-6
1,1768107660,data_upload,229,95,1.0.0,-50,-95,-8
1,1768194060,data_upload,140,94,1.0.0,-53,-77,-6
1,1768280460,data_upload,91,93,1.0.0,-73,-84,-7
1,1768366860,data_upload,38,92,1.0.0,-53,-80,-11
1,1768453260,data_upload,45,92,1.0.0,-67,-74,-7
1,1768539660,data_upload,78,91,1.0.0,-57,-87,-8
1,1768626060,data_upload,125,91,1.0.0,-59,-94,-11
1,1768712460,data_upload,454,91,1.0.0,-88,-99,-8
1,1768798860,data_upload,327,91,1.0.0,-59,-81,-10
1,1768885260,data_upload,141,91,1.0.0,-63,-103,-12
1,1768971660,data_upload,104,91,1.0.0,-50,-82,-4
1,1769058060,data_upload,103,90,1.0.0,-52,-83,-11
1,1769144460,data_upload,69,90,1.0.0,-72,-94,-11
1,1769230860,data_upload,55,90,1.0.0,-58,-78,-4
1,1769317260,data_upload,134,89,1.0.0,-91,-98,-4
1,1769403660,data_upload,77,89,1.0.0,-73,-100,-14
1,1769490060,data_upload,90,89,1.0.0,-57,-69,-3
1,1769576460,data_upload,72,89,1.0.0,-56,-100,-5
1,1769662860,data_upload,50,89,1.0.0,-56,-102,-11
1,1769749260,data_upload,48,89,1.0.0,-79,-90,-8
1,1769835660,data_upload,104,89,1.0.0,-54,-65,-9
1,1769922060,data_upload,167,89,1.0.0,-74,-80,-3
1,1770008460,data_upload,189,89,1.0.0,-62,-96,-4
1,1770094860,data_upload,56,88,1.0.0,-50,-87,-7
1,1770181260,data_upload,44,88,1.0.0,-75,-93,-8
1,1770267660,data_upload,48,88,1.0.0,-60,-113,-4
1,1770354060,data_upload,67,88,1.0.0,-63,-71,-11
1,1770440460,data_upload,108,88,1.0.0,-51,-84,-4
1,1770526860,data_upload,166,88,1.0.0,-77,-76,-11
1,1770613260,data_upload,132,87,1.0.0,-51,-73,-14
1,1770699660,data_upload,72,87,1.0.0,-93,-106,-14
1,1770786060,data_upload,62,87,1.0.0,-69,-109,-9
1,1770872460,data_upload,53,87,1.0.0,-61,-106,-9
1,1770958860,data_upload,81,87,1.0.0,-62,-78,-6
1,1771045260,data_upload,179,87,1.0.0,-56,-97,-10
1,1771131660,data_upload,251,87,1.0.0,-62,-78,-4
1,1771218060,data_upload,257,87,1.0.0,-72,-81,-4
1,1771304460,data_upload,185,86,1.0.0,-54,-70,-9
1,1771390860,data_upload,140,86,1.0.0,-51,-115,-12
1,1771477260,data_upload,85,85,1.0.0,-57,-67,-6
1,1771563660,data_upload,86,85,1.0.0,-92,-90,-8
1,1771650060,data_upload,75,85,1.0.0,-74,-78,-4
1,1771736460,data_upload,119,85,1.0.0,-76,-110,-13
1,1771822860,data_upload,142,85,1.0.0,-62,-83,-10
1,1771909260,data_upload,56,84,1.0.0,-67,-66,-6
1,1771995660,data_upload,79,83,1.0.0,-57,-71,-3
1,1772082060,data_upload,20,83,1.0.0,-52,-110,-14
1,1772168460,data_upload,47,83,1.0.0,-66,-68,-6
1,1772254860,data_upload,82,82,1.0.0,-57,-92,-10
1,1772341260,data_upload,158,82,1.0.0,-73,-114,-11
1,1772427660,data_upload,153,81,1.0.0,-85,-104,-5
1,1772514060,data_upload,60,81,1.0.0,-56,-90,-14
1,1772600460,data_upload,74,81,1.0.0,-58,-67,-10
1,1772686860,data_upload,60,80,1.0.0,-50,-96,-11
1,1772773260,data_upload,54,80,1.0.0,-58,-70,-10
1,1772859660,data_upload,37,79,1.0.0,-75,-82,-9
1,1772946060,data_upload,122,78,1.0.0,-68,-100,-10
1,1773028860,data_upload,127,78,1.0.0,-58,-85,-7
1,1773115260,data_upload,61,78,1.0.0,-72,-80,-5
1,1773201660,data_upload,74,78,1.0.0,-51,-91,-11
1,1773288060,data_upload,40,78,1.0.0,-57,-66,-4
1,1773374460,data_upload,32,78,1.0.0,-93,-99,-11
1,1773460860,data_upload,120,77,1.0.0,-54,-73,-5
1,1773547260,data_upload,84,77,1.0.0,-62,-71,-3
1,1773633660,data_upload,158,77,1.0.0,-65,-88,-11
1,1773720060,data_upload,64,77,1.0.0,-93,-91,-13
1,1773806460,data_upload,57,76,1.0.0,-60,-72,-11
1,1773892860,data_upload,35,76,1.0.0,-56,-89,-9
1,1773979260,data_upload,45,76,1.0.0,-70,-86,-12
1,1774065660,data_upload,74,76,1.0.0,-50,-92,-13
1,1774152060,data_upload,158,76,1.0.0,-76,-81,-6
1,1774238460,data_upload,109,75,1.0.0,-57,-76,-9
1,1774324860,data_upload,54,75,1.0.0,-66,-95,-8
1,1774411260,data_upload,74,75,1.0.0,-64,-69,-9
1,1774497660,data_upload,16,75,1.0.0,-53,-90,-7
1,1774584060,data_upload,67,75,1.0.0,-56,-99,-8
1,1774670460,data_upload,48,75,1.0.0,-79,-91,-5
1,1774756860,data_upload,204,75,1.0.0,-52,-73,-8
1,1774843260,data_upload,104,75,1.0.0,-50,-88,-14
1,1774929660,data_upload,99,75,1.0.0,-60,-97,-8
1,1775016060,data_upload,47,74,1.0.0,-54,-81,-10
2,1767330060,data_upload,63,99,1.0.0,-64,-85,-8
2,1767416460,data_upload,101,98,1.0.0,-82,-87,-13
2,1767502860,data_upload,193,98,1.0.0,-63,-92,-8
2,1767589260,data_upload,130,97,1.0.0,-50,-100,-3
2,1767675660,data_upload,91,97,1.0.0,-57,-84,-4
2,1767762060,data_upload,31,97,1.0.0,-50,-97,-14
2,1767848460,data_upload,29,97,1.0.0,-74,-96,-5
2,1767934860,data_upload,31,97,1.0.0,-74,-70,-5
2,1768021260,data_upload,52,97,1.0.0,-63,-67,-13
2,1768107660,data_upload,63,97,1.0.0,-54,-89,-4
2,1768194060,data_upload,69,97,1.0.0,-71,-74,-4
2,1768280460,data_upload,54,97,1.0.0,-67,-85,-7
2,1768366860,data_upload,15,97,1.0.0,-64,-82,-12
2,1768453260,data_upload,31,96,1.0.0,-66,-69,-11
2,1768539660,data_upload,27,96,1.0.0,-62,-71,-7
2,1768626060,data_upload,39,96,1.0.0,-51,-94,-6
2,1768712460,data_upload,214,96,1.0.0,-74,-87,-5
2,1768798860,data_upload,161,96,1.0.0,-62,-99,-3
2,1768885260,data_upload,106,96,1.0.0,-79,-79,-10
2,1768971660,data_upload,77,96,1.0.0,-80,-99,-9
2,1769058060,data_upload,38,96,1.0.0,-88,-92,-14
2,1769144460,data_upload,44,95,1.0.0,-52,-88,-14
2,1769230860,data_upload,88,94,1.0.0,-54,-111,-14
2,1769317260,data_upload,73,94,1.0.0,-64,-104,-11
2,1769403660,data_upload,50,94,1.0.0,-57,-94,-13
2,1769490060,data_upload,28,93,1.0.0,-60,-95,-8
2,1769576460,data_upload,26,93,1.0.0,-55,-77,-4
2,1769662860,data_upload,26,93,1.0.0,-76,-81,-11
2,1769749260,data_upload,18,92,1.0.0,-59,-111,-9
2,1769835660,data_upload,16,92,1.0.0,-77,-88,-12
2,1769922060,data_upload,62,92,1.0.0,-53,-77,-5
2,1770008460,data_upload,72,91,1.0.0,-76,-65,-4
2,1770094860,data_upload,28,91,1.0.0,-58,-71,-4
2,1770181260,data_upload,38,91,1.0.0,-55,-77,-3
2,1770267660,data_upload,38,91,1.0.0,-74,-71,-6
2,1770354060,data_upload,32,91,1.0.0,-94,-95,-10
2,1770440460,data_upload,55,90,1.0.0,-89,-91,-3
2,1770526860,data_upload,90,90,1.0.0,-61,-75,-3
2,1770613260,data_upload,73,90,1.0.0,-79,-90,-7
2,1770699660,data_upload,56,90,1.0.0,-60,-108,-13
2,1770786060,data_upload,23,90,1.0.0,-54,-71,-9
2,1770872460,data_upload,23,90,1.0.0,-59,-71,-10
2,1770958860,data_upload,39,89,1.0.0,-71,-92,-10
2,1771045260,data_upload,71,89,1.0.0,-50,-80,-8
2,1771131660,data_upload,180,89,1.0.0,-52,-81,-9
2,1771218060,data_upload,142,89,1.0.0,-63,-88,-6
2,1771304460,data_upload,83,89,1.0.0,-79,-65,-12
2,1771390860,data_upload,92,88,1.0.0,-90,-99,-8
2,1771477260,data_upload,35,88,1.0.0,-64,-82,-6
2,1771563660,data_upload,40,87,1.0.0,-51,-66,-4
2,1771650060,data_upload,84,86,1.0.0,-59,-85,-6
2,1771736460,data_upload,48,86,1.0.0,-69,-84,-6
2,1771822860,data_upload,101,86,1.0.0,-73,-97,-14
2,1771909260,data_upload,26,86,1.0.0,-64,-74,-8
2,1771995660,data_upload,29,85,1.0.0,-91,-92,-3
2,1772082060,data_upload,34,84,1.0.0,-58,-100,-5
2,1772168460,data_upload,22,83,1.0.0,-69,-85,-9
2,1772254860,data_upload,65,83,1.0.0,-71,-69,-3
2,1772341260,data_upload,72,82,1.0.0,-63,-85,-13
2,1772427660,data_upload,61,82,1.0.0,-74,-93,-5
2,1772514060,data_upload,30,82,1.0.0,-52,-97,-4
2,1772600460,data_upload,24,82,1.0.0,-69,-93,-14
2,1772686860,data_upload,15,82,1.0.0,-52,-97,-10
2,1772773260,data_upload,34,82,1.0.0,-75,-93,-3
2,1772859660,data_upload,40,82,1.0.0,-94,-106,-14
2,1772946060,data_upload,113,81,1.0.0,-94,-93,-12
2,1773028860,data_upload,92,80,1.0.0,-92,-107,-9
2,1773115260,data_upload,26,80,1.0.0,-66,-87,-11
2,1773201660,data_upload,36,80,1.0.0,-55,-65,-9
2,1773288060,data_upload,21,80,1.0.0,-62,-70,-11
2,1773374460,data_upload,25,80,1.0.0,-60,-91,-13
2,1773460860,data_upload,48,80,1.0.0,-54,-73,-10
2,1773547260,data_upload,100,80,1.0.0,-59,-93,-9
2,1773633660,data_upload,48,80,1.0.0,-57,-79,-12
2,1773720060,data_upload,40,80,1.0.0,-65,-96,-14
2,1773806460,data_upload,41,80,1.0.0,-67,-99,-4
2,1773892860,data_upload,21,80,1.0.0,-71,-79,-3
2,1773979260,data_upload,33,79,1.0.0,-90,-101,-13
2,1774065660,data_upload,46,79,1.0.0,-55,-97,-12
2,1774152060,data_upload,117,78,1.0.0,-53,-93,-13
2,1774238460,data_upload,84,78,1.0.0,-51,-91,-4
2,1774324860,data_upload,25,78,1.0.0,-82,-98,-9
2,1774411260,data_upload,34,77,1.0.0,-64,-76,-8
2,1774497660,data_upload,30,77,1.0.0,-82,-96,-14
2,1774584060,data_upload,28,77,1.0.0,-52,-112,-8
2,1774670460,data_upload,38,77,1.0.0,-61,-70,-3
2,1774756860,data_upload,73,77,1.0.0,-70,-74,-6
2,1774843260,data_upload,63,76,1.0.0,-76,-88,-12
2,1774929660,data_upload,61,76,1.0.0,-54,-99,-10
2,1775016060,data_upload,27,76,1.0.0,-67,-76,-11
3,1767330060,data_upload,53,99,1.0.0,-68,-69,-4
3,1767416460,data_upload,83,98,1.0.0,-51,-96,-4
3,1767502860,data_upload,110,97,1.0.0,-63,-90,-6
3,1767589260,data_upload,92,97,1.0.0,-59,-91,-12
3,1767675660,data_upload,54,97,1.0.0,-80,-113,-12
3,1767762060,data_upload,23,96,1.0.0,-50,-95,-10
3,1767848460,data_upload,13,95,1.0.0,-64,-99,-13
3,1767934860,data_upload,13,95,1.0.0,-64,-84,-4
3,1768021260,data_upload,27,95,1.0.0,-65,-87,-10
3,1768107660,data_upload,102,95,1.0.0,-65,-67,-7
3,1768194060,data_upload,67,95,1.0.0,-51,-65,-5
3,1768280460,data_upload,21,94,1.0.0,-53,-85,-8
3,1768366860,data_upload,20,94,1.0.0,-73,-69,-7
3,1768453260,data_upload,24,94,1.0.0,-57,-86,-10
3,1768539660,data_upload,39,94,1.0.0,-63,-92,-3
3,1768626060,data_upload,55,93,1.0.0,-57,-70,-10
3,1768712460,data_upload,158,92,1.0.0,-59,-68,-6
3,1768798860,data_upload,130,92,1.0.0,-53,-101,-9
3,1768885260,data_upload,34,91,1.0.0,-53,-77,-4
3,1768971660,data_upload,79,91,1.0.0,-94,-74,-10
3,1769058060,data_upload,26,90,1.0.0,-64,-104,-12
3,1769144460,data_upload,42,90,1.0.0,-83,-113,-14
3,1769230860,data_upload,78,89,1.0.0,-52,-75,-11
3,1769317260,data_upload,82,89,1.0.0,-61,-94,-7
3,1769403660,data_upload,76,89,1.0.0,-66,-72,-3
3,1769490060,data_upload,48,89,1.0.0,-50,-80,-14
3,1769576460,data_upload,27,89,1.0.0,-53,-68,-10
3,1769662860,data_upload,17,88,1.0.0,-53,-68,-4
3,1769749260,data_upload,18,88,1.0.0,-50,-72,-12
3,1769835660,data_upload,39,88,1.0.0,-94,-94,-4
3,1769922060,data_upload,83,88,1.0.0,-74,-88,-11
3,1770008460,data_upload,75,87,1.0.0,-74,-102,-13
3,1770094860,data_upload,26,87,1.0.0,-66,-74,-9
3,1770181260,data_upload,42,87,1.0.0,-61,-80,-3
3,1770267660,data_upload,16,87,1.0.0,-54,-77,-7
3,1770354060,data_upload,12,87,1.0.0,-62,-71,-6
3,1770440460,data_upload,38,86,1.0.0,-55,-81,-5
3,1770526860,data_upload,98,86,1.0.0,-80,-88,-7
3,1770613260,data_upload,65,86,1.0.0,-63,-70,-5
3,1770699660,data_upload,35,85,1.0.0,-61,-81,-3
3,1770786060,data_upload,23,85,1.0.0,-52,-115,-12
3,1770872460,data_upload,16,84,1.0.0,-72,-75,-3
3,1770958860,data_upload,22,84,1.0.0,-51,-71,-6
3,1771045260,data_upload,48,84,1.0.0,-56,-73,-8
3,1771131660,data_upload,141,84,1.0.0,-70,-112,-10
3,1771218060,data_upload,111,84,1.0.0,-90,-88,-7
3,1771304460,data_upload,84,84,1.0.0,-57,-65,-13
3,1771390860,data_upload,56,84,1.0.0,-72,-80,-11
3,1771477260,data_upload,42,84,1.0.0,-61,-86,-12
3,1771563660,data_upload,41,83,1.0.0,-55,-86,-10
3,1771650060,data_upload,48,82,1.0.0,-77,-98,-9
3,1771736460,data_upload,60,82,1.0.0,-63,-69,-8
3,1771822860,data_upload,87,81,1.0.0,-69,-77,-5
3,1771909260,data_upload,36,80,1.0.0,-60,-100,-8
3,1771995660,data_upload,26,80,1.0.0,-57,-87,-7
3,1772082060,data_upload,25,80,1.0.0,-76,-94,-7
3,1772168460,data_upload,10,80,1.0.0,-75,-72,-14
3,1772254860,data_upload,31,80,1.0.0,-74,-79,-13
3,1772341260,data_upload,39,80,1.0.0,-76,-97,-7
3,1772427660,data_upload,59,80,1.0.0,-73,-71,-4
3,1772514060,data_upload,40,80,1.0.0,-89,-105,-13
3,1772600460,data_upload,24,80,1.0.0,-65,-106,-9
3,1772686860,data_upload,17,79,1.0.0,-60,-103,-9
3,1772773260,data_upload,28,79,1.0.0,-73,-98,-9
3,1772859660,data_upload,42,79,1.0.0,-59,-93,-7
3,1772946060,data_upload,85,78,1.0.0,-57,-102,-10
3,1773028860,data_upload,50,78,1.0.0,-55,-71,-14
3,1773115260,data_upload,48,77,1.0.0,-65,-88,-5
3,1773201660,data_upload,33,77,1.0.0,-63,-85,-9
3,1773288060,data_upload,22,76,1.0.0,-65,-104,-11
3,1773374460,data_upload,20,76,1.0.0,-55,-76,-4
3,1773460860,data_upload,39,76,1.0.0,-63,-96,-7
3,1773547260,data_upload,122,76,1.0.0,-69,-68,-8
3,1773633660,data_upload,60,76,1.0.0,-79,-94,-12
3,1773720060,data_upload,39,76,1.0.0,-81,-101,-8
3,1773806460,data_upload,26,76,1.0.0,-76,-74,-14
3,1773892860,data_upload,27,76,1.0.0,-91,-87,-6
3,1773979260,data_upload,28,76,1.0.0,-78,-77,-8
3,1774065660,data_upload,37,76,1.0.0,-69,-91,-4
3,1774152060,data_upload,80,76,1.0.0,-69,-96,-4
3,1774238460,data_upload,65,75,1.0.0,-53,-98,-11
3,1774324860,data_upload,28,75,1.0.0,-87,-87,-11
3,1774411260,data_upload,31,75,1.0.0,-71,-81,-5
3,1774497660,data_upload,17,74,1.0.0,-56,-81,-8
3,1774584060,data_upload,22,74,1.0.0,-76,-99,-13
3,1774670460,data_upload,15,73,1.0.0,-53,-66,-6
3,1774756860,data_upload,51,73,1.0.0,-51,-73,-11
3,1774843260,data_upload,66,73,1.0.0,-60,-92,-4
3,1774929660,data_upload,38,72,1.0.0,-79,-109,-7
3,1775016060,data_upload,31,72,1.0.0,-56,-65,-14
4,1767330060,data_upload,35,100,1.0.0,-52,-82,-9
4,1767416460,data_upload,56,100,1.0.0,-70,-98,-9
4,1767502860,data_upload,161,100,1.0.0,-57,-110,-13
4,1767589260,data_upload,96,100,1.0.0,-77,-90,-6
4,1767675660,data_upload,38,99,1.0.0,-52,-82,-4
4,1767762060,data_upload,31,98,1.0.0,-64,-72,-11
4,1767848460,data_upload,19,97,1.0.0,-71,-108,-11
4,1767934860,data_upload,26,96,1.0.0,-76,-98,-14
4,1768021260,data_upload,31,96,1.0.0,-55,-95,-7
4,1768107660,data_upload,92,96,1.0.0,-62,-81,-3
4,1768194060,data_upload,35,96,1.0.0,-63,-76,-7
4,1768280460,data_upload,19,96,1.0.0,-83,-102,-3
4,1768366860,data_upload,31,95,1.0.0,-52,-76,-8
4,1768453260,data_upload,18,94,1.0.0,-76,-69,-3
4,1768539660,data_upload,27,94,1.0.0,-51,-115,-9
4,1768626060,data_upload,14,94,1.0.0,-84,-77,-7
4,1768712460,data_upload,116,94,1.0.0,-80,-84,-11
4,1768798860,data_upload,127,94,1.0.0,-91,-99,-9
4,1768885260,data_upload,71,94,1.0.0,-63,-96,-6
4,1768971660,data_upload,47,94,1.0.0,-70,-91,-9
4,1769058060,data_upload,30,94,1.0.0,-51,-95,-6
4,1769144460,data_upload,24,94,1.0.0,-75,-94,-7
4,1769230860,data_upload,46,94,1.0.0,-89,-87,-13
4,1769317260,data_upload,80,93,1.0.0,-68,-82,-6
4,1769403660,data_upload,59,93,1.0.0,-62,-70,-4
4,1769490060,data_upload,26,92,1.0.0,-50,-80,-5
4,1769576460,data_upload,13,91,1.0.0,-60,-85,-3
4,1769662860,data_upload,14,91,1.0.0,-53,-102,-10
4,1769749260,data_upload,32,90,1.0.0,-89,-81,-8
4,1769835660,data_upload,38,90,1.0.0,-60,-75,-9
4,1769922060,data_upload,67,90,1.0.0,-94,-89,-14
4,1770008460,data_upload,48,90,1.0.0,-67,-76,-7
4,1770094860,data_upload,32,90,1.0.0,-66,-98,-5
4,1770181260,data_upload,14,90,1.0.0,-90,-99,-14
4,1770267660,data_upload,14,90,1.0.0,-50,-97,-9
4,1770354060,data_upload,22,89,1.0.0,-52,-82,-8
4,1770440460,data_upload,24,89,1.0.0,-56,-77,-5
4,1770526860,data_upload,49,88,1.0.0,-51,-76,-3
4,1770613260,data_upload,71,88,1.0.0,-55,-65,-5
4,1770699660,data_upload,39,87,1.0.0,-57,-85,-8
4,1770786060,data_upload,24,87,1.0.0,-75,-84,-11
4,1770872460,data_upload,14,86,1.0.0,-79,-91,-7
4,1770958860,data_upload,14,86,1.0.0,-68,-115,-14
4,1771045260,data_upload,45,86,1.0.0,-79,-70,-9
4,1771131660,data_upload,101,85,1.0.0,-64,-80,-10
4,1771218060,data_upload,168,84,1.0.0,-66,-111,-14
4,1771304460,data_upload,49,83,1.0.0,-50,-99,-10
4,1771390860,data_upload,43,83,1.0.0,-68,-82,-3
4,1771477260,data_upload,30,83,1.0.0,-72,-68,-5
4,1771563660,data_upload,35,82,1.0.0,-72,-65,-4
4,1771650060,data_upload,34,81,1.0.0,-72,-77,-6
4,1771736460,data_upload,50,80,1.0.0,-60,-86,-10
4,1771822860,data_upload,59,80,1.0.0,-58,-76,-13
4,1771909260,data_upload,25,80,1.0.0,-73,-88,-4
4,1771995660,data_upload,28,80,1.0.0,-65,-87,-12
4,1772082060,data_upload,22,79,1.0.0,-64,-88,-11
4,1772168460,data_upload,12,78,1.0.0,-55,-75,-3
4,1772254860,data_upload,42,78,1.0.0,-89,-94,-7
4,1772341260,data_upload,41,78,1.0.0,-69,-74,-14
4,1772427660,data_upload,46,77,1.0.0,-62,-67,-11
4,1772514060,data_upload,27,76,1.0.0,-55,-82,-4
4,1772600460,data_upload,25,76,1.0.0,-71,-99,-10
4,1772686860,data_upload,15,75,1.0.0,-93,-94,-5
4,1772773260,data_upload,10,75,1.0.0,-80,-89,-8
4,1772859660,data_upload,16,75,1.0.0,-54,-80,-5
4,1772946060,data_upload,33,75,1.0.0,-50,-93,-5
4,1773028860,data_upload,72,74,1.0.0,-58,-72,-3
4,1773115260,data_upload,31,73,1.0.0,-63,-82,-7
4,1773201660,data_upload,25,73,1.0.0,-53,-85,-10
4,1773288060,data_upload,17,72,1.0.0,-51,-104,-12
4,1773374460,data_upload,29,72,1.0.0,-56,-65,-9
4,1773460860,data_upload,41,71,1.0.0,-88,-92,-8
4,1773547260,data_upload,71,71,1.0.0,-63,-80,-3
4,1773633660,data_upload,69,71,1.0.0,-65,-85,-7
4,1773720060,data_upload,28,71,1.0.0,-75,-114,-8
4,1773806460,data_upload,16,70,1.0.0,-55,-80,-4
4,1773892860,data_upload,11,69,1.0.0,-70,-72,-6
4,1773979260,data_upload,19,69,1.0.0,-72,-81,-10
4,1774065660,data_upload,40,69,1.0.0,-88,-96,-8
4,1774152060,data_upload,71,69,1.0.0,-52,-98,-4
4,1774238460,data_upload,68,68,1.0.0,-71,-103,-6
4,1774324860,data_upload,35,68,1.0.0,-65,-99,-7
4,1774411260,data_upload,26,67,1.0.0,-74,-65,-9
4,1774497660,data_upload,17,67,1.0.0,-60,-100,-4
4,1774584060,data_upload,11,67,1.0.0,-50,-82,-8
4,1774670460,data_upload,40,66,1.0.0,-68,-110,-11
4,1774756860,data_upload,103,66,1.0.0,-51,-80,-10
4,1774843260,data_upload,61,65,1.0.0,-54,-91,-10
4,1774929660,data_upload,35,65,1.0.0,-80,-100,-12
4,1775016060,data_upload,31,64,1.0.0,-50,-65,-5
5,1767330060,data_upload,40,100,1.0.0,-68,-100,-12
5,1767416460,data_upload,49,100,1.0.0,-64,-99,-8
5,1767502860,data_upload,160,100,1.0.0,-73,-112,-9
5,1767589260,data_upload,50,99,1.0.0,-64,-95,-8
5,1767675660,data_upload,28,99,1.0.0,-51,-103,-11
5,1767762060,data_upload,16,99,1.0.0,-50,-80,-6
5,1767848460,data_upload,11,98,1.0.0,-52,-85,-11
5,1767934860,data_upload,24,97,1.0.0,-66,-79,-5
5,1768021260,data_upload,32,97,1.0.0,-60,-65,-11
5,1768107660,data_upload,62,96,1.0.0,-50,-87,-11
5,1768194060,data_upload,74,96,1.0.0,-65,-103,-11
5,1768280460,data_upload,20,95,1.0.0,-50,-110,-8
5,1768366860,data_upload,14,95,1.0.0,-57,-82,-3
5,1768453260,data_upload,18,95,1.0.0,-52,-68,-3
5,1768539660,data_upload,23,95,1.0.0,-61,-88,-7
5,1768626060,data_upload,21,95,1.0.0,-57,-71,-3
5,1768712460,data_upload,98,95,1.0.0,-62,-101,-11
5,1768798860,data_upload,77,94,1.0.0,-87,-75,-9
5,1768885260,data_upload,61,93,1.0.0,-57,-84,-6
5,1768971660,data_upload,41,93,1.0.0,-86,-99,-3
5,1769058060,data_upload,25,93,1.0.0,-51,-84,-7
5,1769144460,data_upload,24,93,1.0.0,-54,-100,-3
5,1769230860,data_upload,38,92,1.0.0,-81,-92,-11
5,1769317260,data_upload,56,91,1.0.0,-65,-92,-14
5,1769403660,data_upload,49,91,1.0.0,-70,-88,-14
5,1769490060,data_upload,33,91,1.0.0,-94,-93,-3
5,1769576460,data_upload,20,90,1.0.0,-73,-110,-3
5,1769662860,data_upload,9,90,1.0.0,-71,-94,-14
5,1769749260,data_upload,10,90,1.0.0,-78,-86,-11
5,1769835660,data_upload,17,89,1.0.0,-65,-65,-4
5,1769922060,data_upload,68,89,1.0.0,-52,-99,-7
5,1770008460,data_upload,70,88,1.0.0,-63,-89,-4
5,1770094860,data_upload,33,88,1.0.0,-87,-90,-7
5,1770181260,data_upload,25,87,1.0.0,-56,-88,-11
5,1770267660,data_upload,10,86,1.0.0,-51,-99,-10
5,1770354060,data_upload,5,86,1.0.0,-80,-101,-11
5,1770440460,data_upload,14,86,1.0.0,-71,-103,-9
5,1770526860,data_upload,70,86,1.0.0,-65,-85,-7
5,1770613260,data_upload,62,86,1.0.0,-78,-86,-4
5,1770699660,data_upload,39,85,1.0.0,-75,-87,-10
5,1770786060,data_upload,17,85,1.0.0,-61,-75,-10
5,1770872460,data_upload,13,85,1.0.0,-77,-79,-7
5,1770958860,data_upload,28,84,1.0.0,-63,-84,-10
5,1771045260,data_upload,44,84,1.0.0,-63,-80,-5
5,1771131660,data_upload,108,84,1.0.0,-62,-78,-5
5,1771218060,data_upload,68,83,1.0.0,-56,-68,-9
5,1771304460,data_upload,44,82,1.0.0,-50,-86,-12
5,1771390860,data_upload,20,81,1.0.0,-72,-100,-10
5,1771477260,data_upload,29,81,1.0.0,-55,-74,-3
5,1771563660,data_upload,31,80,1.0.0,-65,-87,-10
5,1771650060,data_upload,40,80,1.0.0,-52,-82,-6
5,1771736460,data_upload,56,80,1.0.0,-50,-75,-9
5,1771822860,data_upload,48,80,1.0.0,-80,-66,-4
5,1771909260,data_upload,33,80,1.0.0,-66,-89,-12
5,1771995660,data_upload,18,80,1.0.0,-74,-99,-3
5,1772082060,data_upload,12,79,1.0.0,-53,-65,-4
5,1772168460,data_upload,12,78,1.0.0,-57,-92,-11
5,1772254860,data_upload,26,78,1.0.0,-56,-65,-7
5,1772341260,data_upload,66,77,1.0.0,-86,-103,-9
5,1772427660,data_upload,34,77,1.0.0,-50,-97,-10
5,1772514060,data_upload,32,76,1.0.0,-50,-76,-3
5,1772600460,data_upload,18,75,1.0.0,-71,-67,-10
5,1772686860,data_upload,15,75,1.0.0,-60,-95,-14
5,1772773260,data_upload,7,74,1.0.0,-70,-82,-4
5,1772859660,data_upload,23,73,1.0.0,-52,-84,-8
5,1772946060,data_upload,41,73,1.0.0,-68,-77,-10
5,1773028860,data_upload,47,72,1.0.0,-59,-72,-6
5,1773115260,data_upload,25,71,1.0.0,-79,-68,-11
5,1773201660,data_upload,20,71,1.0.0,-69,-94,-11
5,1773288060,data_upload,19,71,1.0.0,-51,-96,-11
5,1773374460,data_upload,24,70,1.0.0,-62,-88,-13
5,1773460860,data_upload,32,70,1.0.0,-69,-92,-13
5,1773547260,data_upload,41,70,1.0.0,-71,-84,-6
5,1773633660,data_upload,44,70,1.0.0,-66,-91,-13
5,1773720060,data_upload,33,70,1.0.0,-52,-83,-8
5,1773806460,data_upload,21,69,1.0.0,-63,-111,-5
5,1773892860,data_upload,14,68,1.0.0,-57,-98,-9
5,1773979260,data_upload,12,67,1.0.0,-64,-73,-7
5,1774065660,data_upload,21,67,1.0.0,-59,-82,-3
5,1774152060,data_upload,58,67,1.0.0,-63,-96,-14
5,1774238460,data_upload,66,67,1.0.0,-55,-72,-4
5,1774324860,data_upload,20,66,1.0.0,-55,-80,-3
5,1774411260,data_upload,9,66,1.0.0,-75,-93,-5
5,1774497660,data_upload,14,66,1.0.0,-65,-94,-10
5,1774584060,data_upload,14,65,1.0.0,-61,-113,-10
5,1774670460,data_upload,8,65,1.0.0,-94,-106,-9
5,1774756860,data_upload,31,65,1.0.0,-69,-84,-7
5,1774843260,data_upload,33,64,1.0.0,-53,-100,-12
5,1774929660,data_upload,12,63,1.0.0,-65,-71,-4
5,1775016060,data_upload,25,63,1.0.0,-68,-69,-4
6,1767330060,data_upload,37,99,1.0.0,-75,-74,-10
6,1767416460,data_upload,48,99,1.0.0,-52,-67,-9
6,1767502860,data_upload,84,98,1.0.0,-71,-71,-9
6,1767589260,data_upload,62,97,1.0.0,-52,-97,-4
6,1767675660,data_upload,28,97,1.0.0,-50,-73,-8
6,1767762060,data_upload,15,96,1.0.0,-76,-96,-3
6,1767848460,data_upload,11,95,1.0.0,-55,-85,-6
6,1767934860,data_upload,12,95,1.0.0,-73,-86,-9
6,1768021260,data_upload,31,95,1.0.0,-57,-99,-11
6,1768107660,data_upload,44,95,1.0.0,-75,-74,-7
6,1768194060,data_upload,35,94,1.0.0,-70,-90,-8
6,1768280460,data_upload,21,94,1.0.0,-61,-91,-13
6,1768366860,data_upload,23,94,1.0.0,-51,-81,-3
6,1768453260,data_upload,10,94,1.0.0,-67,-91,-9
6,1768539660,data_upload,21,94,1.0.0,-53,-78,-8
6,1768626060,data_upload,40,93,1.0.0,-51,-95,-10
6,1768712460,data_upload,95,93,1.0.0,-51,-72,-3
6,1768798860,data_upload,107,93,1.0.0,-50,-83,-10
6,1768885260,data_upload,44,93,1.0.0,-50,-68,-11
6,1768971660,data_upload,34,93,1.0.0,-71,-78,-7
6,1769058060,data_upload,15,93,1.0.0,-74,-104,-11
6,1769144460,data_upload,25,92,1.0.0,-73,-99,-9
6,1769230860,data_upload,28,91,1.0.0,-67,-77,-8
6,1769317260,data_upload,61,90,1.0.0,-53,-67,-10
6,1769403660,data_upload,38,89,1.0.0,-70,-90,-3
6,1769490060,data_upload,18,89,1.0.0,-89,-96,-9
6,1769576460,data_upload,10,89,1.0.0,-68,-86,-11
6,1769662860,data_upload,17,88,1.0.0,-72,-80,-5
6,1769749260,data_upload,18,87,1.0.0,-59,-71,-6
6,1769835660,data_upload,29,87,1.0.0,-78,-79,-6
6,1769922060,data_upload,56,87,1.0.0,-55,-71,-6
6,1770008460,data_upload,44,87,1.0.0,-80,-112,-11
6,1770094860,data_upload,18,87,1.0.0,-56,-68,-8
6,1770181260,data_upload,12,87,1.0.0,-82,-86,-5
6,1770267660,data_upload,9,87,1.0.0,-60,-84,-7
6,1770354060,data_upload,11,86,1.0.0,-60,-74,-11
6,1770440460,data_upload,20,86,1.0.0,-75,-68,-8
6,1770526860,data_upload,56,86,1.0.0,-53,-77,-4
6,1770613260,data_upload,42,86,1.0.0,-88,-88,-8
6,1770699660,data_upload,19,86,1.0.0,-62,-78,-9
6,1770786060,data_upload,28,86,1.0.0,-81,-108,-14
6,1770872460,data_upload,12,86,1.0.0,-90,-91,-6
6,1770958860,data_upload,20,86,1.0.0,-55,-104,-8
6,1771045260,data_upload,36,86,1.0.0,-51,-65,-3
6,1771131660,data_upload,99,85,1.0.0,-73,-89,-8
6,1771218060,data_upload,83,85,1.0.0,-55,-93,-9
6,1771304460,data_upload,64,85,1.0.0,-64,-87,-8
6,1771390860,data_upload,37,85,1.0.0,-61,-76,-7
6,1771477260,data_upload,28,84,1.0.0,-82,-96,-14
6,1771563660,data_upload,17,84,1.0.0,-52,-83,-10
6,1771650060,data_upload,38,84,1.0.0,-75,-80,-14
6,1771736460,data_upload,47,83,1.0.0,-59,-88,-14
6,1771822860,data_upload,51,83,1.0.0,-64,-84,-5
6,1771909260,data_upload,16,83,1.0.0,-58,-83,-8
6,1771995660,data_upload,11,83,1.0.0,-56,-67,-5
6,1772082060,data_upload,13,83,1.0.0,-50,-80,-3
6,1772168460,data_upload,11,83,1.0.0,-58,-78,-9
6,1772254860,data_upload,25,83,1.0.0,-66,-82,-10
6,1772341260,data_upload,52,82,1.0.0,-68,-68,-9
6,1772427660,data_upload,31,82,1.0.0,-72,-72,-11
6,1772514060,data_upload,18,82,1.0.0,-74,-73,-5
6,1772600460,data_upload,9,82,1.0.0,-58,-77,-7
6,1772686860,data_upload,13,82,1.0.0,-65,-84,-4
6,1772773260,data_upload,14,81,1.0.0,-65,-78,-5
6,1772859660,data_upload,19,81,1.0.0,-82,-110,-8
6,1772946060,data_upload,60,80,1.0.0,-52,-80,-3
6,1773028860,data_upload,45,80,1.0.0,-61,-112,-10
6,1773115260,data_upload,18,80,1.0.0,-74,-97,-9
6,1773201660,data_upload,8,80,1.0.0,-57,-66,-7
6,1773288060,data_upload,14,79,1.0.0,-63,-98,-11
6,1773374460,data_upload,17,79,1.0.0,-72,-84,-5
6,1773460860,data_upload,20,79,1.0.0,-55,-87,-13
6,1773547260,data_upload,57,78,1.0.0,-61,-94,-8
6,1773633660,data_upload,43,77,1.0.0,-74,-101,-3
6,1773720060,data_upload,22,77,1.0.0,-61,-68,-7
6,1773806460,data_upload,13,77,1.0.0,-72,-92,-3
6,1773892860,data_upload,13,77,1.0.0,-58,-86,-10
6,1773979260,data_upload,18,76,1.0.0,-61,-87,-7
6,1774065660,data_upload,22,75,1.0.0,-71,-85,-4
6,1774152060,data_upload,69,75,1.0.0,-74,-93,-12
6,1774238460,data_upload,40,75,1.0.0,-55,-81,-10
6,1774324860,data_upload,9,75,1.0.0,-53,-65,-3
6,1774411260,data_upload,13,75,1.0.0,-74,-81,-6
6,1774497660,data_upload,7,75,1.0.0,-79,-97,-3
6,1774584060,data_upload,11,75,1.0.0,-65,-71,-14
6,1774670460,data_upload,21,74,1.0.0,-72,-87,-6
6,1774756860,data_upload,36,73,1.0.0,-52,-100,-11
6,1774843260,data_upload,46,73,1.0.0,-53,-73,-8
6,1774929660,data_upload,16,73,1.0.0,-56,-92,-10
6,1775016060,data_upload,15,73,1.0.0,-81,-102,-6
7,1767330060,data_upload,26,100,1.0.0,-50,-80,-3
7,1767416460,data_upload,37,100,1.0.0,-71,-93,-4
7,1767502860,data_upload,81,100,1.0.0,-61,-101,-8
7,1767589260,data_upload,40,100,1.0.0,-80,-93,-11
7,1767675660,data_upload,4,99,1.0.0,-80,-65,-3
7,1767762060,data_upload,13,98,1.0.0,-60,-100,-12
7,1767848460,data_upload,13,97,1.0.0,-62,-87,-3
7,1767934860,data_upload,14,97,1.0.0,-73,-95,-8
7,1768021260,data_upload,16,97,1.0.0,-63,-67,-10
7,1768107660,data_upload,42,97,1.0.0,-71,-78,-14
7,1768194060,data_upload,34,96,1.0.0,-75,-83,-10
7,1768280460,data_upload,15,96,1.0.0,-52,-81,-12
7,1768366860,data_upload,9,95,1.0.0,-69,-112,-9
7,1768453260,data_upload,9,94,1.0.0,-62,-70,-12
7,1768539660,data_upload,9,94,1.0.0,-57,-66,-4
7,1768626060,data_upload,16,94,1.0.0,-55,-100,-4
7,1768712460,data_upload,87,94,1.0.0,-55,-100,-10
7,1768798860,data_upload,52,93,1.0.0,-71,-100,-6
7,1768885260,data_upload,39,93,1.0.0,-58,-101,-9
7,1768971660,data_upload,18,93,1.0.0,-50,-84,-5
7,1769058060,data_upload,20,93,1.0.0,-75,-103,-14
7,1769144460,data_upload,17,92,1.0.0,-52,-84,-6
7,1769230860,data_upload,23,92,1.0.0,-57,-108,-11
7,1769317260,data_upload,28,91,1.0.0,-71,-97,-12
7,1769403660,data_upload,19,90,1.0.0,-76,-82,-9
7,1769490060,data_upload,12,90,1.0.0,-80,-94,-12
7,1769576460,data_upload,17,90,1.0.0,-73,-97,-3
7,1769662860,data_upload,7,90,1.0.0,-76,-109,-8
7,1769749260,data_upload,10,89,1.0.0,-60,-65,-8
7,1769835660,data_upload,20,89,1.0.0,-55,-100,-8
7,1769922060,data_upload,44,89,1.0.0,-68,-70,-10
7,1770008460,data_upload,31,89,1.0.0,-56,-66,-6
7,1770094860,data_upload,16,88,1.0.0,-61,-82,-7
7,1770181260,data_upload,7,88,1.0.0,-80,-98,-3
7,1770267660,data_upload,8,87,1.0.0,-88,-94,-8
7,1770354060,data_upload,13,87,1.0.0,-52,-66,-8
7,1770440460,data_upload,8,87,1.0.0,-63,-65,-9
7,1770526860,data_upload,31,86,1.0.0,-74,-103,-14
7,1770613260,data_upload,24,86,1.0.0,-62,-92,-4
7,1770699660,data_upload,10,85,1.0.0,-72,-69,-9
7,1770786060,data_upload,10,85,1.0.0,-55,-91,-6
7,1770872460,data_upload,6,85,1.0.0,-67,-82,-4
7,1770958860,data_upload,11,84,1.0.0,-53,-90,-11
7,1771045260,data_upload,19,84,1.0.0,-57,-80,-4
7,1771131660,data_upload,58,83,1.0.0,-72,-73,-10
7,1771218060,data_upload,41,82,1.0.0,-60,-110,-13
7,1771304460,data_upload,48,81,1.0.0,-54,-100,-7
7,1771390860,data_upload,30,81,1.0.0,-59,-91,-14
7,1771477260,data_upload,14,81,1.0.0,-69,-90,-7
7,1771563660,data_upload,19,80,1.0.0,-50,-114,-9
7,1771650060,data_upload,25,80,1.0.0,-53,-95,-12
7,1771736460,data_upload,38,80,1.0.0,-77,-95,-9
7,1771822860,data_upload,36,80,1.0.0,-55,-91,-13
7,1771909260,data_upload,20,80,1.0.0,-77,-93,-11
7,1771995660,data_upload,7,79,1.0.0,-72,-92,-14
7,1772082060,data_upload,12,79,1.0.0,-55,-75,-7
7,1772168460,data_upload,17,79,1.0.0,-73,-84,-8
7,1772254860,data_upload,20,79,1.0.0,-53,-78,-8
7,1772341260,data_upload,42,79,1.0.0,-78,-81,-10
7,1772427660,data_upload,12,79,1.0.0,-82,-92,-14
7,1772514060,data_upload,13,79,1.0.0,-70,-96,-11
7,1772600460,data_upload,8,78,1.0.0,-51,-95,-3
7,1772686860,data_upload,6,77,1.0.0,-56,-81,-4
7,1772773260,data_upload,14,76,1.0.0,-54,-78,-8
7,1772859660,data_upload,21,76,1.0.0,-73,-84,-6
7,1772946060,data_upload,46,76,1.0.0,-57,-67,-5
7,1773028860,data_upload,16,75,1.0.0,-66,-84,-11
7,1773115260,data_upload,19,75,1.0.0,-75,-74,-6
7,1773201660,data_upload,9,75,1.0.0,-75,-85,-6
7,1773288060,data_upload,6,75,1.0.0,-58,-73,-4
7,1773374460,data_upload,9,74,1.0.0,-74,-94,-3
7,1773460860,data_upload,21,74,1.0.0,-76,-80,-5
7,1773547260,data_upload,54,74,1.0.0,-80,-112,-9
7,1773633660,data_upload,37,73,1.0.0,-57,-100,-3
7,1773720060,data_upload,13,73,1.0.0,-56,-66,-14
7,1773806460,data_upload,7,73,1.0.0,-57,-77,-11
7,1773892860,data_upload,14,73,1.0.0,-57,-88,-4
7,1773979260,data_upload,15,72,1.0.0,-58,-73,-6
7,1774065660,data_upload,18,71,1.0.0,-70,-91,-8
7,1774152060,data_upload,41,71,1.0.0,-57,-107,-11
7,1774238460,data_upload,41,71,1.0.0,-65,-81,-8
7,1774324860,data_upload,3,70,1.0.0,-80,-76,-5
7,1774411260,data_upload,13,69,1.0.0,-57,-74,-4
7,1774497660,data_upload,11,68,1.0.0,-75,-72,-5
7,1774584060,data_upload,11,67,1.0.0,-58,-80,-5
7,1774670460,data_upload,15,67,1.0.0,-65,-67,-8
7,1774756860,data_upload,49,67,1.0.0,-76,-76,-6
7,1774843260,data_upload,21,66,1.0.0,-56,-96,-12
7,1774929660,data_upload,9,66,1.0.0,-62,-93,-9
7,1775016060,data_upload,14,66,1.0.0,-79,-96,-4
8,1767330060,data_upload,35,99,1.0.0,-50,-71,-4
8,1767416460,data_upload,52,99,1.0.0,-52,-65,-12
8,1767502860,data_upload,45,99,1.0.0,-61,-91,-14
8,1767589260,data_upload,69,98,1.0.0,-74,-113,-10
8,1767675660,data_upload,28,97,1.0.0,-86,-93,-14
8,1767762060,data_upload,18,97,1.0.0,-56,-82,-8
8,1767848460,data_upload,3,97,1.0.0,-75,-110,-14
8,1767934860,data_upload,14,97,1.0.0,-72,-97,-9
8,1768021260,data_upload,10,96,1.0.0,-74,-86,-11
8,1768107660,data_upload,37,95,1.0.0,-70,-73,-10
8,1768194060,data_upload,19,95,1.0.0,-68,-114,-10
8,1768280460,data_upload,12,95,1.0.0,-61,-81,-7
8,1768366860,data_upload,19,95,1.0.0,-61,-75,-12
8,1768453260,data_upload,10,95,1.0.0,-88,-114,-11
8,1768539660,data_upload,23,95,1.0.0,-61,-70,-6
8,1768626060,data_upload,43,95,1.0.0,-56,-71,-13
8,1768712460,data_upload,44,95,1.0.0,-57,-78,-6
8,1768798860,data_upload,46,94,1.0.0,-64,-66,-3
8,1768885260,data_upload,40,93,1.0.0,-74,-84,-6
8,1768971660,data_upload,39,93,1.0.0,-50,-94,-5
8,1769058060,data_upload,18,93,1.0.0,-78,-92,-8
8,1769144460,data_upload,33,92,1.0.0,-64,-77,-7
8,1769230860,data_upload,25,91,1.0.0,-78,-103,-10
8,1769317260,data_upload,45,91,1.0.0,-94,-110,-14
8,1769403660,data_upload,17,91,1.0.0,-60,-67,-6
8,1769490060,data_upload,8,91,1.0.0,-51,-69,-3
8,1769576460,data_upload,8,90,1.0.0,-63,-98,-5
8,1769662860,data_upload,6,90,1.0.0,-62,-97,-11
8,1769749260,data_upload,10,90,1.0.0,-64,-110,-11
8,1769835660,data_upload,20,90,1.0.0,-63,-83,-7
8,1769922060,data_upload,40,90,1.0.0,-71,-111,-10
8,1770008460,data_upload,27,89,1.0.0,-77,-91,-9
8,1770094860,data_upload,15,88,1.0.0,-52,-72,-3
8,1770181260,data_upload,20,88,1.0.0,-58,-113,-13
8,1770267660,data_upload,7,88,1.0.0,-64,-65,-12
8,1770354060,data_upload,16,87,1.0.0,-67,-78,-10
8,1770440460,data_upload,21,86,1.0.0,-73,-111,-11
8,1770526860,data_upload,29,86,1.0.0,-54,-82,-3
8,1770613260,data_upload,33,86,1.0.0,-53,-98,-10
8,1770699660,data_upload,20,86,1.0.0,-56,-65,-8
8,1770786060,data_upload,23,86,1.0.0,-55,-66,-5
8,1770872460,data_upload,12,85,1.0.0,-83,-86,-13
8,1770958860,data_upload,22,85,1.0.0,-57,-95,-3
8,1771045260,data_upload,44,85,1.0.0,-69,-75,-8
8,1771131660,data_upload,49,85,1.0.0,-78,-77,-11
8,1771218060,data_upload,98,85,1.0.0,-54,-67,-11
8,1771304460,data_upload,37,84,1.0.0,-50,-80,-9
8,1771390860,data_upload,32,84,1.0.0,-58,-86,-13
8,1771477260,data_upload,16,84,1.0.0,-56,-83,-8
8,1771563660,data_upload,3,84,1.0.0,-92,-65,-3
8,1771650060,data_upload,24,84,1.0.0,-87,-65,-12
8,1771736460,data_upload,43,84,1.0.0,-61,-77,-3
8,1771822860,data_upload,38,84,1.0.0,-51,-77,-7
8,1771909260,data_upload,12,83,1.0.0,-55,-80,-9
8,1771995660,data_upload,16,83,1.0.0,-75,-83,-8
8,1772082060,data_upload,9,83,1.0.0,-65,-97,-13
8,1772168460,data_upload,14,83,1.0.0,-59,-86,-3
8,1772254860,data_upload,18,83,1.0.0,-59,-72,-5
8,1772341260,data_upload,37,83,1.0.0,-58,-72,-5
8,1772427660,data_upload,34,82,1.0.0,-69,-91,-10
8,1772514060,data_upload,18,81,1.0.0,-77,-91,-9
8,1772600460,data_upload,1,81,1.0.0,-67,-100,-4
8,1772686860,data_upload,11,81,1.0.0,-56,-99,-10
8,1772773260,data_upload,19,81,1.0.0,-54,-84,-6
8,1772859660,data_upload,34,80,1.0.0,-70,-101,-14
8,1772946060,data_upload,39,79,1.0.0,-54,-84,-6
8,1773028860,data_upload,29,79,1.0.0,-65,-115,-4
8,1773115260,data_upload,24,79,1.0.0,-67,-99,-10
8,1773201660,data_upload,11,79,1.0.0,-65,-78,-3
8,1773288060,data_upload,0,79,1.0.0,-73,-89,-8
8,1773374460,data_upload,8,79,1.0.0,-54,-84,-5
8,1773460860,data_upload,14,79,1.0.0,-50,-98,-3
8,1773547260,data_upload,64,79,1.0.0,-78,-85,-6
8,1773633660,data_upload,44,79,1.0.0,-74,-65,-5
8,1773720060,data_upload,15,79,1.0.0,-64,-94,-3
8,1773806460,data_upload,15,79,1.0.0,-66,-81,-6
8,1773892860,data_upload,9,79,1.0.0,-79,-115,-6
8,1773979260,data_upload,12,79,1.0.0,-50,-72,-11
8,1774065660,data_upload,17,79,1.0.0,-72,-69,-9
8,1774152060,data_upload,34,79,1.0.0,-79,-90,-10
8,1774238460,data_upload,38,78,1.0.0,-62,-82,-4
8,1774324860,data_upload,20,78,1.0.0,-59,-94,-6
8,1774411260,data_upload,13,77,1.0.0,-76,-113,-10
8,1774497660,data_upload,7,77,1.0.0,-56,-65,-9
8,1774584060,data_upload,14,76,1.0.0,-59,-71,-8
8,1774670460,data_upload,19,76,1.0.0,-57,-83,-4
8,1774756860,data_upload,27,76,1.0.0,-71,-66,-6
8,1774843260,data_upload,18,75,1.0.0,-89,-96,-3
8,1774929660,data_upload,19,75,1.0.0,-63,-81,-12
8,1775016060,data_upload,13,75,1.0.0,-57,-84,-4
9,1767330060,data_upload,20,100,1.0.0,-64,-111,-14
9,1767416460,data_upload,26,100,1.0.0,-64,-103,-13
9,1767502860,data_upload,61,100,1.0.0,-74,-88,-6
9,1767589260,data_upload,45,100,1.0.0,-71,-105,-11
9,1767675660,data_upload,20,100,1.0.0,-61,-90,-11
9,1767762060,data_upload,13,100,1.0.0,-84,-102,-11
9,1767848460,data_upload,5,100,1.0.0,-50,-68,-7
9,1767934860,data_upload,8,99,1.0.0,-70,-100,-12
9,1768021260,data_upload,5,99,1.0.0,-59,-70,-3
9,1768107660,data_upload,21,99,1.0.0,-67,-79,-4
9,1768194060,data_upload,17,99,1.0.0,-64,-74,-14
9,1768280460,data_upload,9,99,1.0.0,-64,-84,-10
9,1768366860,data_upload,6,98,1.0.0,-52,-78,-10
9,1768453260,data_upload,12,97,1.0.0,-68,-94,-7
9,1768539660,data_upload,21,97,1.0.0,-64,-90,-13
9,1768626060,data_upload,14,97,1.0.0,-76,-93,-11
9,1768712460,data_upload,69,97,1.0.0,-80,-80,-14
9,1768798860,data_upload,42,97,1.0.0,-79,-97,-13
9,1768885260,data_upload,24,96,1.0.0,-52,-67,-12
9,1768971660,data_upload,17,95,1.0.0,-59,-71,-3
9,1769058060,data_upload,12,95,1.0.0,-54,-74,-5
9,1769144460,data_upload,7,94,1.0.0,-55,-93,-12
9,1769230860,data_upload,15,94,1.0.0,-50,-68,-13
9,1769317260,data_upload,31,94,1.0.0,-58,-90,-4
9,1769403660,data_upload,33,93,1.0.0,-50,-76,-12
9,1769490060,data_upload,11,93,1.0.0,-64,-67,-7
9,1769576460,data_upload,6,92,1.0.0,-51,-71,-6
9,1769662860,data_upload,7,92,1.0.0,-68,-73,-7
9,1769749260,data_upload,7,91,1.0.0,-55,-69,-11
9,1769835660,data_upload,15,91,1.0.0,-57,-80,-6
9,1769922060,data_upload,19,90,1.0.0,-51,-99,-10
9,1770008460,data_upload,12,89,1.0.0,-83,-99,-14
9,1770094860,data_upload,6,89,1.0.0,-68,-105,-7
9,1770181260,data_upload,8,88,1.0.0,-63,-92,-9
9,1770267660,data_upload,5,88,1.0.0,-78,-72,-7
9,1770354060,data_upload,8,87,1.0.0,-65,-109,-4
9,1770440460,data_upload,13,86,1.0.0,-66,-66,-4
9,1770526860,data_upload,28,85,1.0.0,-64,-91,-9
9,1770613260,data_upload,9,85,1.0.0,-56,-93,-12
9,1770699660,data_upload,18,84,1.0.0,-50,-68,-5
9,1770786060,data_upload,9,84,1.0.0,-76,-114,-8
9,1770872460,data_upload,9,84,1.0.0,-59,-86,-13
9,1770958860,data_upload,12,84,1.0.0,-59,-71,-6
9,1771045260,data_upload,20,83,1.0.0,-50,-92,-14
9,1771131660,data_upload,83,82,1.0.0,-62,-78,-5
9,1771218060,data_upload,15,81,1.0.0,-67,-91,-10
9,1771304460,data_upload,19,80,1.0.0,-67,-89,-8
9,1771390860,data_upload,30,80,1.0.0,-58,-74,-7
9,1771477260,data_upload,9,80,1.0.0,-95,-113,-5
9,1771563660,data_upload,15,80,1.0.0,-67,-72,-9
9,1771650060,data_upload,18,80,1.0.0,-59,-67,-6
9,1771736460,data_upload,31,79,1.0.0,-72,-78,-3
9,1771822860,data_upload,22,79,1.0.0,-55,-104,-10
9,1771909260,data_upload,19,78,1.0.0,-60,-96,-3
9,1771995660,data_upload,6,78,1.0.0,-63,-108,-11
9,1772082060,data_upload,5,78,1.0.0,-52,-76,-8
9,1772168460,data_upload,7,78,1.0.0,-75,-83,-13
9,1772254860,data_upload,4,78,1.0.0,-74,-93,-5
9,1772341260,data_upload,40,77,1.0.0,-65,-71,-11
9,1772427660,data_upload,31,76,1.0.0,-54,-112,-13
9,1772514060,data_upload,13,76,1.0.0,-58,-80,-6
9,1772600460,data_upload,15,76,1.0.0,-71,-90,-4
9,1772686860,data_upload,7,76,1.0.0,-84,-107,-9
9,1772773260,data_upload,3,75,1.0.0,-55,-86,-8
9,1772859660,data_upload,17,75,1.0.0,-50,-81,-4
9,1772946060,data_upload,23,75,1.0.0,-65,-80,-9
9,1773028860,data_upload,23,74,1.0.0,-61,-94,-6
9,1773115260,data_upload,14,74,1.0.0,-58,-93,-9
9,1773201660,data_upload,10,73,1.0.0,-61,-69,-6
9,1773288060,data_upload,13,73,1.0.0,-56,-88,-10
9,1773374460,data_upload,12,73,1.0.0,-63,-85,-7
9,1773460860,data_upload,13,72,1.0.0,-54,-70,-3
9,1773547260,data_upload,41,72,1.0.0,-58,-76,-6
9,1773633660,data_upload,18,72,1.0.0,-55,-92,-6
9,1773720060,data_upload,18,72,1.0.0,-52,-85,-7
9,1773806460,data_upload,2,71,1.0.0,-54,-88,-10
9,1773892860,data_upload,10,71,1.0.0,-64,-105,-5
9,1773979260,data_upload,3,71,1.0.0,-66,-100,-9
9,1774065660,data_upload,17,71,1.0.0,-65,-82,-7
9,1774152060,data_upload,36,70,1.0.0,-64,-76,-6
9,1774238460,data_upload,11,70,1.0.0,-77,-74,-3
9,1774324860,data_upload,7,70,1.0.0,-65,-98,-6
9,1774411260,data_upload,2,70,1.0.0,-52,-77,-3
9,1774497660,data_upload,10,70,1.0.0,-69,-88,-11
9,1774584060,data_upload,8,70,1.0.0,-55,-99,-3
9,1774670460,data_upload,15,69,1.0.0,-53,-94,-9
9,1774756860,data_upload,48,68,1.0.0,-74,-65,-10
9,1774843260,data_upload,17,67,1.0.0,-83,-103,-13
9,1774929660,data_upload,10,67,1.0.0,-82,-100,-9
9,1775016060,data_upload,7,66,1.0.0,-60,-72,-10
10,1767330060,data_upload,11,100,1.0.0,-93,-91,-12
10,1767416460,data_upload,49,100,1.0.0,-77,-89,-5
10,1767502860,data_upload,37,100,1.0.0,-76,-75,-7
10,1767589260,data_upload,9,100,1.0.0,-75,-82,-3
10,1767675660,data_upload,26,100,1.0.0,-59,-108,-10
10,1767762060,data_upload,6,100,1.0.0,-68,-101,-3
10,1767848460,data_upload,10,100,1.0.0,-53,-74,-4
10,1767934860,data_upload,11,100,1.0.0,-53,-73,-6
10,1768021260,data_upload,20,100,1.0.0,-60,-69,-6
10,1768107660,data_upload,56,99,1.0.0,-79,-106,-11
10,1768194060,data_upload,25,99,1.0.0,-51,-83,-4
10,1768280460,data_upload,24,99,1.0.0,-76,-100,-14
10,1768366860,data_upload,14,98,1.0.0,-59,-68,-9
10,1768453260,data_upload,1,98,1.0.0,-63,-86,-5
10,1768539660,data_upload,23,98,1.0.0,-60,-96,-12
10,1768626060,data_upload,23,98,1.0.0,-91,-96,-5
10,1768712460,data_upload,0,98,1.0.0,-65,-67,-3
10,1768798860,data_upload,64,98,1.0.0,-54,-74,-8
10,1768885260,data_upload,35,97,1.0.0,-76,-94,-3
10,1768971660,data_upload,31,96,1.0.0,-53,-79,-7
10,1769058060,data_upload,19,95,1.0.0,-90,-76,-4
10,1769144460,data_upload,6,94,1.0.0,-50,-77,-4
10,1769230860,data_upload,2,93,1.0.0,-56,-75,-6
10,1769317260,data_upload,11,93,1.0.0,-72,-73,-3
10,1769403660,data_upload,7,93,1.0.0,-69,-85,-11
10,1769490060,data_upload,0,93,1.0.0,-52,-91,-7
10,1769576460,data_upload,4,93,1.0.0,-65,-69,-7
10,1769662860,data_upload,0,93,1.0.0,-60,-80,-3
10,1769749260,data_upload,0,93,1.0.0,-87,-93,-13
10,1769835660,data_upload,8,93,1.0.0,-62,-76,-5
10,1769922060,data_upload,5,92,1.0.0,-56,-113,-8
10,1770008460,data_upload,14,92,1.0.0,-50,-85,-7
10,1770094860,data_upload,10,92,1.0.0,-50,-77,-11
10,1770181260,data_upload,10,92,1.0.0,-85,-104,-8
10,1770267660,data_upload,5,91,1.0.0,-80,-84,-6
10,1770354060,data_upload,13,91,1.0.0,-63,-76,-10
10,1770440460,data_upload,8,91,1.0.0,-56,-76,-4
10,1770526860,data_upload,31,90,1.0.0,-54,-113,-10
10,1770613260,data_upload,18,89,1.0.0,-60,-83,-3
10,1770699660,data_upload,0,89,1.0.0,-85,-71,-9
10,1770786060,data_upload,8,89,1.0.0,-58,-66,-10
10,1770872460,data_upload,8,88,1.0.0,-61,-68,-8
10,1770958860,data_upload,3,88,1.0.0,-53,-85,-3
10,1771045260,data_upload,37,88,1.0.0,-65,-82,-6
10,1771131660,data_upload,53,87,1.0.0,-64,-96,-4
10,1771218060,data_upload,86,87,1.0.0,-53,-81,-5
10,1771304460,data_upload,37,86,1.0.0,-93,-99,-4
10,1771390860,data_upload,23,86,1.0.0,-59,-94,-5
10,1771477260,data_upload,10,86,1.0.0,-65,-106,-11
10,1771563660,data_upload,17,86,1.0.0,-53,-93,-10
10,1771650060,data_upload,10,86,1.0.0,-80,-89,-10
10,1771736460,data_upload,64,86,1.0.0,-65,-88,-14
10,1771822860,data_upload,34,85,1.0.0,-52,-77,-11
10,1771909260,data_upload,4,85,1.0.0,-69,-88,-8
10,1771995660,data_upload,0,85,1.0.0,-67,-89,-7
10,1772082060,data_upload,11,85,1.0.0,-88,-93,-6
10,1772168460,data_upload,9,85,1.0.0,-62,-96,-8
10,1772254860,data_upload,0,85,1.0.0,-62,-99,-11
10,1772341260,data_upload,64,85,1.0.0,-50,-90,-12
10,1772427660,data_upload,11,84,1.0.0,-71,-85,-9
10,1772514060,data_upload,8,84,1.0.0,-61,-85,-10
10,1772600460,data_upload,7,83,1.0.0,-61,-86,-5
10,1772686860,data_upload,8,83,1.0.0,-54,-73,-7
10,1772773260,data_upload,11,82,1.0.0,-72,-99,-14
10,1772859660,data_upload,10,82,1.0.0,-77,-93,-4
10,1772946060,data_upload,28,82,1.0.0,-85,-90,-11
10,1773028860,data_upload,18,81,1.0.0,-57,-69,-7
10,1773115260,data_upload,1,81,1.0.0,-63,-77,-3
10,1773201660,data_upload,4,81,1.0.0,-84,-66,-6
10,1773288060,data_upload,12,81,1.0.0,-53,-67,-4
10,1773374460,data_upload,9,81,1.0.0,-59,-80,-8
10,1773460860,data_upload,15,81,1.0.0,-64,-65,-8
10,1773547260,data_upload,31,81,1.0.0,-50,-68,-9
10,1773633660,data_upload,15,81,1.0.0,-79,-93,-3
10,1773720060,data_upload,3,81,1.0.0,-72,-70,-5
10,1773806460,data_upload,6,80,1.0.0,-72,-66,-3
10,1773892860,data_upload,2,80,1.0.0,-53,-89,-9
10,1773979260,data_upload,11,80,1.0.0,-57,-79,-4
10,1774065660,data_upload,3,79,1.0.0,-59,-65,-3
10,1774152060,data_upload,14,79,1.0.0,-93,-98,-12
10,1774238460,data_upload,7,79,1.0.0,-56,-90,-7
10,1774324860,data_upload,1,78,1.0.0,-80,-90,-3
10,1774411260,data_upload,11,78,1.0.0,-87,-114,-12
10,1774497660,data_upload,0,78,1.0.0,-56,-109,-13
10,1774584060,data_upload,8,77,1.0.0,-76,-89,-8
10,1774670460,data_upload,24,77,1.0.0,-62,-69,-10
10,1774756860,data_upload,12,77,1.0.0,-54,-98,-9
10,1774843260,data_upload,33,77,1.0.0,-56,-92,-4
10,1774929660,data_upload,18,77,1.0.0,-58,-98,-12
10,1775016060,data_upload,5,76,1.0.0,-52,-105,-11
